﻿_id,product_name,product_description,product_unit,product_price,product_quantity,product_status,other_details,supplier_id
1,Ramen,Cup Noodles,Kilograms,0.54,22,2,,
2,Hersheys,Chocolate,Grams,23.64,96,1,,
3,Trix,Cereal,Grams,6.79,39,1,,
4,Ramen,Cup Noodles,Kilograms,12.81,54,1,,
5,Hersheys,Chocolate,Tonns,2.73,59,1,,
6,Trix,Cereal,Kilograms,8.57,92,2,,
7,Ramen,Cup Noodles,Grams,16.31,34,2,,
8,Hersheys,Chocolate,Grams,0.56,73,1,,
9,Trix,Cereal,Tonns,9.21,84,2,,
10,Ramen,Cup Noodles,Grams,16.11,43,2,,
11,Hersheys,Chocolate,Grams,10.18,81,2,,
12,Trix,Cereal,Kilograms,0.45,100,2,,
13,Ramen,Cup Noodles,Grams,27.47,46,2,,
14,Hersheys,Chocolate,Tonns,19.68,84,1,,
15,Trix,Cereal,Grams,22.00,68,2,,
16,Ramen,Cup Noodles,Grams,27.37,42,2,,
17,Hersheys,Chocolate,Tonns,8.84,53,2,,
18,Trix,Cereal,Kilograms,7.47,13,2,,
19,Ramen,Cup Noodles,Tonns,26.62,54,2,,
20,Hersheys,Chocolate,Grams,7.89,41,2,,
21,Trix,Cereal,Tonns,23.93,34,2,,
22,Ramen,Cup Noodles,Tonns,27.14,23,1,,
23,Hersheys,Chocolate,Grams,22.43,78,1,,
24,Trix,Cereal,Kilograms,16.23,90,1,,
25,Ramen,Cup Noodles,Tonns,3.81,22,2,,
26,Hersheys,Chocolate,Grams,25.37,96,2,,
27,Trix,Cereal,Kilograms,25.70,26,2,,
28,Ramen,Cup Noodles,Tonns,24.02,56,1,,
29,Hersheys,Chocolate,Grams,26.02,93,2,,
30,Trix,Cereal,Kilograms,12.02,88,1,,
31,Ramen,Cup Noodles,Tonns,11.68,46,1,,
32,Hersheys,Chocolate,Grams,16.70,97,2,,
33,Trix,Cereal,Grams,2.51,59,1,,
34,Ramen,Cup Noodles,Kilograms,17.00,92,1,,
35,Hersheys,Chocolate,Kilograms,9.48,68,2,,
36,Trix,Cereal,Tonns,12.36,17,1,,
37,Ramen,Cup Noodles,Kilograms,18.19,42,2,,
38,Hersheys,Chocolate,Grams,20.49,19,2,,
39,Trix,Cereal,Grams,8.25,16,1,,
40,Ramen,Cup Noodles,Tonns,21.39,29,2,,
41,Hersheys,Chocolate,Kilograms,16.22,22,1,,
42,Trix,Cereal,Grams,29.32,52,2,,
43,Ramen,Cup Noodles,Kilograms,17.02,54,2,,
44,Hersheys,Chocolate,Tonns,14.31,69,1,,
45,Trix,Cereal,Tonns,5.66,65,1,,
46,Ramen,Cup Noodles,Grams,18.98,40,1,,
47,Hersheys,Chocolate,Tonns,10.58,46,2,,
48,Trix,Cereal,Tonns,18.50,52,1,,
49,Ramen,Cup Noodles,Kilograms,5.77,83,1,,
50,Hersheys,Chocolate,Grams,28.34,80,1,,
51,Trix,Cereal,Tonns,0.15,79,1,,
52,Ramen,Cup Noodles,Grams,23.70,96,2,,
53,Hersheys,Chocolate,Kilograms,28.93,74,2,,
54,Trix,Cereal,Kilograms,1.13,34,2,,
55,Ramen,Cup Noodles,Tonns,1.85,21,2,,
56,Hersheys,Chocolate,Kilograms,21.08,54,2,,
57,Trix,Cereal,Kilograms,2.19,68,1,,
58,Ramen,Cup Noodles,Grams,5.59,98,2,,
59,Hersheys,Chocolate,Tonns,29.09,55,2,,
60,Trix,Cereal,Kilograms,19.64,76,2,,
61,Ramen,Cup Noodles,Grams,14.27,19,1,,
62,Hersheys,Chocolate,Tonns,26.17,62,1,,
63,Trix,Cereal,Kilograms,13.77,82,2,,
64,Ramen,Cup Noodles,Tonns,1.89,97,2,,
65,Hersheys,Chocolate,Grams,27.37,48,1,,
66,Trix,Cereal,Grams,7.33,76,1,,
67,Ramen,Cup Noodles,Kilograms,24.70,71,1,,
68,Hersheys,Chocolate,Tonns,7.63,92,2,,
69,Trix,Cereal,Kilograms,24.43,69,2,,
70,Ramen,Cup Noodles,Grams,9.75,83,2,,
71,Hersheys,Chocolate,Tonns,17.97,99,1,,
72,Trix,Cereal,Tonns,21.86,73,1,,
73,Ramen,Cup Noodles,Grams,20.78,36,2,,
74,Hersheys,Chocolate,Kilograms,19.20,21,1,,
75,Trix,Cereal,Grams,25.03,24,1,,
76,Ramen,Cup Noodles,Kilograms,28.16,37,2,,
77,Hersheys,Chocolate,Grams,6.28,13,1,,
78,Trix,Cereal,Kilograms,6.42,96,1,,
79,Ramen,Cup Noodles,Grams,20.65,72,1,,
80,Hersheys,Chocolate,Kilograms,26.96,21,2,,
81,Trix,Cereal,Kilograms,15.29,18,2,,
82,Ramen,Cup Noodles,Kilograms,29.51,24,2,,
83,Hersheys,Chocolate,Kilograms,16.44,67,2,,
84,Trix,Cereal,Tonns,7.07,68,2,,
85,Ramen,Cup Noodles,Tonns,27.61,98,2,,
86,Hersheys,Chocolate,Kilograms,18.89,91,2,,
87,Trix,Cereal,Grams,14.54,98,2,,
88,Ramen,Cup Noodles,Kilograms,14.39,84,1,,
89,Hersheys,Chocolate,Kilograms,14.78,79,1,,
90,Trix,Cereal,Kilograms,9.04,22,2,,
91,Ramen,Cup Noodles,Tonns,7.94,65,2,,
92,Hersheys,Chocolate,Kilograms,5.43,36,2,,
93,Trix,Cereal,Tonns,17.18,28,1,,
94,Ramen,Cup Noodles,Tonns,18.26,52,2,,
95,Hersheys,Chocolate,Kilograms,11.67,17,2,,
96,Trix,Cereal,Tonns,11.63,38,1,,
97,Ramen,Cup Noodles,Tonns,25.83,91,2,,
98,Hersheys,Chocolate,Kilograms,11.20,63,1,,
99,Trix,Cereal,Kilograms,13.76,82,1,,
100,Ramen,Cup Noodles,Tonns,5.48,80,2,,
101,Hersheys,Chocolate,Tonns,29.81,39,1,,
102,Trix,Cereal,Grams,6.04,49,2,,
103,Ramen,Cup Noodles,Tonns,9.49,54,1,,
104,Hersheys,Chocolate,Kilograms,8.35,51,2,,
105,Trix,Cereal,Tonns,25.54,44,1,,
106,Ramen,Cup Noodles,Tonns,15.52,12,2,,
107,Hersheys,Chocolate,Tonns,26.13,69,1,,
108,Trix,Cereal,Kilograms,15.05,77,1,,
109,Ramen,Cup Noodles,Grams,26.54,11,2,,
110,Hersheys,Chocolate,Grams,11.45,40,1,,
111,Trix,Cereal,Grams,16.51,90,2,,
112,Ramen,Cup Noodles,Kilograms,22.31,14,2,,
113,Hersheys,Chocolate,Grams,25.95,37,1,,
114,Trix,Cereal,Tonns,24.17,68,2,,
115,Ramen,Cup Noodles,Grams,28.49,56,1,,
116,Hersheys,Chocolate,Grams,7.96,19,2,,
117,Trix,Cereal,Tonns,20.68,44,1,,
118,Ramen,Cup Noodles,Kilograms,24.33,80,2,,
119,Hersheys,Chocolate,Grams,12.97,38,2,,
120,Trix,Cereal,Grams,23.39,85,2,,
121,Ramen,Cup Noodles,Grams,27.84,45,1,,
122,Hersheys,Chocolate,Kilograms,7.82,98,2,,
123,Trix,Cereal,Grams,28.52,18,2,,
124,Ramen,Cup Noodles,Tonns,0.17,92,2,,
125,Hersheys,Chocolate,Grams,21.75,27,2,,
126,Trix,Cereal,Kilograms,8.55,64,1,,
127,Ramen,Cup Noodles,Tonns,10.56,30,1,,
128,Hersheys,Chocolate,Kilograms,14.00,79,2,,
129,Trix,Cereal,Kilograms,1.77,26,2,,
130,Ramen,Cup Noodles,Grams,23.06,77,1,,
131,Hersheys,Chocolate,Kilograms,3.29,28,1,,
132,Trix,Cereal,Tonns,24.67,93,1,,
133,Ramen,Cup Noodles,Kilograms,24.03,40,2,,
134,Hersheys,Chocolate,Tonns,22.87,24,1,,
135,Trix,Cereal,Kilograms,23.21,54,1,,
136,Ramen,Cup Noodles,Grams,24.61,98,2,,
137,Hersheys,Chocolate,Kilograms,22.37,76,1,,
138,Trix,Cereal,Tonns,3.38,98,1,,
139,Ramen,Cup Noodles,Grams,6.65,21,2,,
140,Hersheys,Chocolate,Kilograms,19.26,56,1,,
141,Trix,Cereal,Grams,29.71,85,2,,
142,Ramen,Cup Noodles,Tonns,28.47,26,1,,
143,Hersheys,Chocolate,Grams,15.45,11,2,,
144,Trix,Cereal,Kilograms,1.42,56,1,,
145,Ramen,Cup Noodles,Kilograms,14.51,72,1,,
146,Hersheys,Chocolate,Grams,4.05,65,2,,
147,Trix,Cereal,Tonns,1.11,63,2,,
148,Ramen,Cup Noodles,Kilograms,13.20,37,2,,
149,Hersheys,Chocolate,Tonns,24.74,100,2,,
150,Trix,Cereal,Grams,16.40,76,2,,
151,Ramen,Cup Noodles,Grams,21.94,96,2,,
152,Hersheys,Chocolate,Grams,8.08,16,1,,
153,Trix,Cereal,Tonns,29.24,18,2,,
154,Ramen,Cup Noodles,Grams,18.29,83,1,,
155,Hersheys,Chocolate,Grams,24.50,84,1,,
156,Trix,Cereal,Kilograms,17.74,14,1,,
157,Ramen,Cup Noodles,Grams,23.08,57,2,,
158,Hersheys,Chocolate,Tonns,4.42,67,2,,
159,Trix,Cereal,Tonns,12.24,100,1,,
160,Ramen,Cup Noodles,Tonns,23.76,88,1,,
161,Hersheys,Chocolate,Grams,14.92,87,1,,
162,Trix,Cereal,Grams,25.00,72,1,,
163,Ramen,Cup Noodles,Kilograms,29.58,24,2,,
164,Hersheys,Chocolate,Grams,1.64,61,1,,
165,Trix,Cereal,Grams,0.97,84,1,,
166,Ramen,Cup Noodles,Kilograms,9.58,87,1,,
167,Hersheys,Chocolate,Grams,25.45,94,2,,
168,Trix,Cereal,Kilograms,2.95,17,1,,
169,Ramen,Cup Noodles,Grams,20.85,47,2,,
170,Hersheys,Chocolate,Tonns,12.85,64,1,,
171,Trix,Cereal,Grams,12.68,86,2,,
172,Ramen,Cup Noodles,Tonns,10.16,11,1,,
173,Hersheys,Chocolate,Kilograms,21.40,38,2,,
174,Trix,Cereal,Tonns,18.04,28,2,,
175,Ramen,Cup Noodles,Kilograms,21.65,17,1,,
176,Hersheys,Chocolate,Grams,4.22,58,1,,
177,Trix,Cereal,Kilograms,5.13,17,1,,
178,Ramen,Cup Noodles,Tonns,5.07,71,2,,
179,Hersheys,Chocolate,Kilograms,8.85,42,2,,
180,Trix,Cereal,Tonns,14.59,55,1,,
181,Ramen,Cup Noodles,Grams,5.99,24,2,,
182,Hersheys,Chocolate,Grams,1.16,53,1,,
183,Trix,Cereal,Tonns,14.06,73,1,,
184,Ramen,Cup Noodles,Grams,13.45,93,1,,
185,Hersheys,Chocolate,Grams,26.37,76,1,,
186,Trix,Cereal,Kilograms,9.73,83,2,,
187,Ramen,Cup Noodles,Kilograms,6.41,52,1,,
188,Hersheys,Chocolate,Kilograms,10.00,25,2,,
189,Trix,Cereal,Tonns,9.69,99,1,,
190,Ramen,Cup Noodles,Kilograms,19.34,84,2,,
191,Hersheys,Chocolate,Grams,0.65,60,2,,
192,Trix,Cereal,Grams,15.09,19,1,,
193,Ramen,Cup Noodles,Tonns,5.32,14,1,,
194,Hersheys,Chocolate,Kilograms,17.80,18,2,,
195,Trix,Cereal,Kilograms,5.68,19,1,,
196,Ramen,Cup Noodles,Grams,11.63,27,1,,
197,Hersheys,Chocolate,Kilograms,15.58,71,2,,
198,Trix,Cereal,Kilograms,17.72,38,2,,
199,Ramen,Cup Noodles,Kilograms,10.26,29,1,,
200,Hersheys,Chocolate,Tonns,25.18,32,2,,
201,Trix,Cereal,Tonns,25.92,38,2,,
202,Ramen,Cup Noodles,Tonns,12.88,43,2,,
203,Hersheys,Chocolate,Kilograms,20.34,67,2,,
204,Trix,Cereal,Tonns,26.30,11,2,,
205,Ramen,Cup Noodles,Grams,19.32,72,2,,
206,Hersheys,Chocolate,Tonns,14.63,49,2,,
207,Trix,Cereal,Grams,12.05,98,1,,
208,Ramen,Cup Noodles,Tonns,0.89,44,2,,
209,Hersheys,Chocolate,Tonns,23.65,31,1,,
210,Trix,Cereal,Tonns,20.00,98,2,,
211,Ramen,Cup Noodles,Tonns,27.60,30,1,,
212,Hersheys,Chocolate,Kilograms,2.71,83,2,,
213,Trix,Cereal,Kilograms,29.48,23,1,,
214,Ramen,Cup Noodles,Grams,26.35,97,2,,
215,Hersheys,Chocolate,Tonns,26.12,46,1,,
216,Trix,Cereal,Tonns,18.60,50,2,,
217,Ramen,Cup Noodles,Grams,18.88,97,2,,
218,Hersheys,Chocolate,Kilograms,7.39,53,1,,
219,Trix,Cereal,Grams,27.47,77,1,,
220,Ramen,Cup Noodles,Tonns,25.15,24,1,,
221,Hersheys,Chocolate,Kilograms,2.65,16,2,,
222,Trix,Cereal,Kilograms,0.33,25,2,,
223,Ramen,Cup Noodles,Grams,2.82,94,2,,
224,Hersheys,Chocolate,Kilograms,27.80,21,2,,
225,Trix,Cereal,Grams,24.43,38,1,,
226,Ramen,Cup Noodles,Kilograms,3.67,51,2,,
227,Hersheys,Chocolate,Grams,29.54,56,2,,
228,Trix,Cereal,Kilograms,25.96,68,1,,
229,Ramen,Cup Noodles,Tonns,4.15,26,1,,
230,Hersheys,Chocolate,Tonns,16.81,93,1,,
231,Trix,Cereal,Kilograms,16.83,50,2,,
232,Ramen,Cup Noodles,Tonns,15.74,91,1,,
233,Hersheys,Chocolate,Kilograms,1.00,22,2,,
234,Trix,Cereal,Grams,8.86,94,2,,
235,Ramen,Cup Noodles,Kilograms,29.63,28,1,,
236,Hersheys,Chocolate,Grams,21.95,11,2,,
237,Trix,Cereal,Kilograms,7.76,39,2,,
238,Ramen,Cup Noodles,Kilograms,20.42,24,1,,
239,Hersheys,Chocolate,Kilograms,14.56,52,1,,
240,Trix,Cereal,Tonns,5.41,64,1,,
241,Ramen,Cup Noodles,Tonns,21.18,26,2,,
242,Hersheys,Chocolate,Grams,0.47,73,2,,
243,Trix,Cereal,Tonns,7.12,52,1,,
244,Ramen,Cup Noodles,Kilograms,24.00,49,2,,
245,Hersheys,Chocolate,Kilograms,6.42,13,2,,
246,Trix,Cereal,Tonns,12.42,37,1,,
247,Ramen,Cup Noodles,Grams,16.52,72,1,,
248,Hersheys,Chocolate,Tonns,15.97,54,1,,
249,Trix,Cereal,Grams,11.24,29,1,,
250,Ramen,Cup Noodles,Grams,25.51,87,1,,
251,Hersheys,Chocolate,Kilograms,2.59,61,2,,
252,Trix,Cereal,Grams,24.04,57,2,,
253,Ramen,Cup Noodles,Grams,29.21,31,2,,
254,Hersheys,Chocolate,Grams,10.49,45,2,,
255,Trix,Cereal,Grams,0.76,85,1,,
256,Ramen,Cup Noodles,Kilograms,4.38,56,2,,
257,Hersheys,Chocolate,Grams,10.02,17,2,,
258,Trix,Cereal,Tonns,15.19,35,2,,
259,Ramen,Cup Noodles,Tonns,27.61,23,1,,
260,Hersheys,Chocolate,Tonns,21.91,17,2,,
261,Trix,Cereal,Grams,19.27,79,2,,
262,Ramen,Cup Noodles,Grams,1.26,81,2,,
263,Hersheys,Chocolate,Grams,29.04,100,2,,
264,Trix,Cereal,Tonns,5.02,100,2,,
265,Ramen,Cup Noodles,Grams,14.74,76,2,,
266,Hersheys,Chocolate,Kilograms,20.20,14,2,,
267,Trix,Cereal,Tonns,26.53,62,2,,
268,Ramen,Cup Noodles,Tonns,7.29,51,1,,
269,Hersheys,Chocolate,Kilograms,22.80,66,1,,
270,Trix,Cereal,Kilograms,3.54,25,1,,
271,Ramen,Cup Noodles,Tonns,13.45,94,2,,
272,Hersheys,Chocolate,Kilograms,26.01,24,1,,
273,Trix,Cereal,Kilograms,12.04,30,2,,
274,Ramen,Cup Noodles,Grams,3.33,16,2,,
275,Hersheys,Chocolate,Grams,21.02,59,2,,
276,Trix,Cereal,Kilograms,19.99,100,1,,
277,Ramen,Cup Noodles,Tonns,25.39,46,1,,
278,Hersheys,Chocolate,Grams,15.44,30,1,,
279,Trix,Cereal,Grams,9.29,80,2,,
280,Ramen,Cup Noodles,Kilograms,2.46,59,2,,
281,Hersheys,Chocolate,Kilograms,14.78,31,2,,
282,Trix,Cereal,Grams,23.37,70,1,,
283,Ramen,Cup Noodles,Tonns,3.88,10,2,,
284,Hersheys,Chocolate,Grams,13.29,98,2,,
285,Trix,Cereal,Grams,4.00,51,1,,
286,Ramen,Cup Noodles,Grams,12.83,12,2,,
287,Hersheys,Chocolate,Tonns,27.13,14,2,,
288,Trix,Cereal,Tonns,16.34,91,1,,
289,Ramen,Cup Noodles,Kilograms,28.99,47,1,,
290,Hersheys,Chocolate,Grams,10.41,43,1,,
291,Trix,Cereal,Kilograms,3.51,89,1,,
292,Ramen,Cup Noodles,Kilograms,23.48,98,1,,
293,Hersheys,Chocolate,Kilograms,22.15,63,1,,
294,Trix,Cereal,Grams,18.49,45,1,,
295,Ramen,Cup Noodles,Tonns,26.27,67,2,,
296,Hersheys,Chocolate,Grams,17.83,80,1,,
297,Trix,Cereal,Tonns,5.11,23,2,,
298,Ramen,Cup Noodles,Grams,9.68,81,1,,
299,Hersheys,Chocolate,Kilograms,29.51,93,1,,
300,Trix,Cereal,Tonns,22.56,67,2,,
301,Ramen,Cup Noodles,Grams,0.46,42,1,,
302,Hersheys,Chocolate,Grams,4.09,81,2,,
303,Trix,Cereal,Tonns,7.20,98,2,,
304,Ramen,Cup Noodles,Kilograms,2.39,64,2,,
305,Hersheys,Chocolate,Tonns,0.03,53,2,,
306,Trix,Cereal,Grams,21.19,64,2,,
307,Ramen,Cup Noodles,Kilograms,26.29,92,1,,
308,Hersheys,Chocolate,Grams,16.37,35,2,,
309,Trix,Cereal,Tonns,17.56,76,1,,
310,Ramen,Cup Noodles,Tonns,0.36,13,2,,
311,Hersheys,Chocolate,Grams,14.05,91,2,,
312,Trix,Cereal,Kilograms,11.00,97,2,,
313,Ramen,Cup Noodles,Grams,18.64,22,2,,
314,Hersheys,Chocolate,Tonns,9.77,40,1,,
315,Trix,Cereal,Kilograms,9.32,45,1,,
316,Ramen,Cup Noodles,Kilograms,6.16,81,2,,
317,Hersheys,Chocolate,Kilograms,20.06,78,2,,
318,Trix,Cereal,Tonns,23.70,95,1,,
319,Ramen,Cup Noodles,Tonns,19.11,58,1,,
320,Hersheys,Chocolate,Kilograms,9.18,29,1,,
321,Trix,Cereal,Grams,14.24,94,1,,
322,Ramen,Cup Noodles,Kilograms,14.13,28,2,,
323,Hersheys,Chocolate,Tonns,9.98,78,2,,
324,Trix,Cereal,Kilograms,6.11,95,1,,
325,Ramen,Cup Noodles,Tonns,4.72,37,1,,
326,Hersheys,Chocolate,Kilograms,15.58,20,2,,
327,Trix,Cereal,Grams,20.66,52,1,,
328,Ramen,Cup Noodles,Grams,3.31,99,1,,
329,Hersheys,Chocolate,Kilograms,15.89,83,2,,
330,Trix,Cereal,Tonns,14.33,90,1,,
331,Ramen,Cup Noodles,Kilograms,14.56,63,2,,
332,Hersheys,Chocolate,Grams,19.33,37,2,,
333,Trix,Cereal,Tonns,0.60,75,2,,
334,Ramen,Cup Noodles,Grams,18.65,87,1,,
335,Hersheys,Chocolate,Grams,13.28,48,1,,
336,Trix,Cereal,Tonns,9.42,95,2,,
337,Ramen,Cup Noodles,Tonns,14.31,55,2,,
338,Hersheys,Chocolate,Grams,11.69,25,1,,
339,Trix,Cereal,Grams,29.20,90,2,,
340,Ramen,Cup Noodles,Tonns,22.32,49,1,,
341,Hersheys,Chocolate,Tonns,21.60,64,1,,
342,Trix,Cereal,Tonns,17.22,56,2,,
343,Ramen,Cup Noodles,Kilograms,7.85,64,1,,
344,Hersheys,Chocolate,Kilograms,25.39,84,1,,
345,Trix,Cereal,Kilograms,2.42,77,1,,
346,Ramen,Cup Noodles,Grams,25.86,98,2,,
347,Hersheys,Chocolate,Grams,27.53,82,1,,
348,Trix,Cereal,Kilograms,15.56,45,2,,
349,Ramen,Cup Noodles,Grams,20.14,23,2,,
350,Hersheys,Chocolate,Grams,10.04,66,1,,
351,Trix,Cereal,Grams,13.81,85,1,,
352,Ramen,Cup Noodles,Kilograms,12.84,44,1,,
353,Hersheys,Chocolate,Tonns,20.44,21,2,,
354,Trix,Cereal,Grams,25.96,47,1,,
355,Ramen,Cup Noodles,Kilograms,24.97,57,1,,
356,Hersheys,Chocolate,Grams,21.59,23,1,,
357,Trix,Cereal,Kilograms,11.44,14,1,,
358,Ramen,Cup Noodles,Grams,28.94,68,1,,
359,Hersheys,Chocolate,Tonns,27.64,95,1,,
360,Trix,Cereal,Tonns,25.36,73,1,,
361,Ramen,Cup Noodles,Kilograms,6.00,78,2,,
362,Hersheys,Chocolate,Tonns,9.68,20,2,,
363,Trix,Cereal,Tonns,10.25,96,1,,
364,Ramen,Cup Noodles,Kilograms,4.51,39,1,,
365,Hersheys,Chocolate,Tonns,15.44,16,1,,
366,Trix,Cereal,Kilograms,4.89,40,2,,
367,Ramen,Cup Noodles,Grams,10.34,62,1,,
368,Hersheys,Chocolate,Grams,20.87,36,2,,
369,Trix,Cereal,Tonns,24.43,31,1,,
370,Ramen,Cup Noodles,Grams,12.14,99,1,,
371,Hersheys,Chocolate,Tonns,23.78,59,2,,
372,Trix,Cereal,Kilograms,17.07,39,2,,
373,Ramen,Cup Noodles,Tonns,15.01,13,2,,
374,Hersheys,Chocolate,Tonns,27.14,63,1,,
375,Trix,Cereal,Grams,12.79,59,1,,
376,Ramen,Cup Noodles,Grams,28.03,71,2,,
377,Hersheys,Chocolate,Grams,11.97,41,1,,
378,Trix,Cereal,Tonns,28.42,65,1,,
379,Ramen,Cup Noodles,Grams,11.28,32,1,,
380,Hersheys,Chocolate,Grams,12.70,41,2,,
381,Trix,Cereal,Grams,1.03,70,2,,
382,Ramen,Cup Noodles,Kilograms,23.25,81,2,,
383,Hersheys,Chocolate,Grams,4.09,91,1,,
384,Trix,Cereal,Grams,11.60,82,1,,
385,Ramen,Cup Noodles,Tonns,26.81,25,1,,
386,Hersheys,Chocolate,Grams,26.93,22,1,,
387,Trix,Cereal,Grams,15.13,45,1,,
388,Ramen,Cup Noodles,Kilograms,21.75,69,2,,
389,Hersheys,Chocolate,Kilograms,29.06,64,1,,
390,Trix,Cereal,Grams,25.21,11,2,,
391,Ramen,Cup Noodles,Grams,21.23,27,2,,
392,Hersheys,Chocolate,Grams,26.97,48,2,,
393,Trix,Cereal,Grams,17.08,26,1,,
394,Ramen,Cup Noodles,Kilograms,23.18,15,2,,
395,Hersheys,Chocolate,Grams,4.73,36,2,,
396,Trix,Cereal,Kilograms,22.49,61,2,,
397,Ramen,Cup Noodles,Grams,11.65,13,1,,
398,Hersheys,Chocolate,Tonns,3.43,62,2,,
399,Trix,Cereal,Kilograms,18.06,53,1,,
400,Ramen,Cup Noodles,Tonns,20.30,72,1,,
401,Hersheys,Chocolate,Grams,29.27,61,1,,
402,Trix,Cereal,Tonns,28.49,87,1,,
403,Ramen,Cup Noodles,Tonns,29.26,57,1,,
404,Hersheys,Chocolate,Kilograms,29.62,46,2,,
405,Trix,Cereal,Tonns,2.57,72,2,,
406,Ramen,Cup Noodles,Tonns,13.29,19,2,,
407,Hersheys,Chocolate,Grams,29.61,10,2,,
408,Trix,Cereal,Kilograms,9.15,64,1,,
409,Ramen,Cup Noodles,Grams,18.37,25,1,,
410,Hersheys,Chocolate,Kilograms,26.63,22,1,,
411,Trix,Cereal,Kilograms,20.29,18,2,,
412,Ramen,Cup Noodles,Grams,0.18,33,2,,
413,Hersheys,Chocolate,Kilograms,29.74,61,1,,
414,Trix,Cereal,Kilograms,12.05,51,1,,
415,Ramen,Cup Noodles,Tonns,28.01,72,1,,
416,Hersheys,Chocolate,Kilograms,27.83,91,2,,
417,Trix,Cereal,Grams,25.41,62,1,,
418,Ramen,Cup Noodles,Grams,17.47,58,2,,
419,Hersheys,Chocolate,Kilograms,19.65,95,2,,
420,Trix,Cereal,Tonns,22.96,87,2,,
421,Ramen,Cup Noodles,Grams,0.32,95,1,,
422,Hersheys,Chocolate,Kilograms,1.64,59,2,,
423,Trix,Cereal,Tonns,13.69,45,2,,
424,Ramen,Cup Noodles,Kilograms,25.34,89,2,,
425,Hersheys,Chocolate,Tonns,17.40,56,1,,
426,Trix,Cereal,Tonns,19.62,39,1,,
427,Ramen,Cup Noodles,Tonns,22.50,22,1,,
428,Hersheys,Chocolate,Grams,1.34,86,1,,
429,Trix,Cereal,Tonns,17.95,44,1,,
430,Ramen,Cup Noodles,Grams,18.97,14,1,,
431,Hersheys,Chocolate,Tonns,15.82,64,1,,
432,Trix,Cereal,Tonns,13.56,12,1,,
433,Ramen,Cup Noodles,Tonns,13.86,81,1,,
434,Hersheys,Chocolate,Kilograms,17.56,26,1,,
435,Trix,Cereal,Grams,27.04,99,1,,
436,Ramen,Cup Noodles,Grams,28.01,31,1,,
437,Hersheys,Chocolate,Tonns,3.12,82,2,,
438,Trix,Cereal,Grams,2.81,77,1,,
439,Ramen,Cup Noodles,Grams,5.80,81,2,,
440,Hersheys,Chocolate,Grams,27.23,75,1,,
441,Trix,Cereal,Kilograms,27.26,21,2,,
442,Ramen,Cup Noodles,Kilograms,20.62,99,1,,
443,Hersheys,Chocolate,Tonns,2.06,15,1,,
444,Trix,Cereal,Grams,10.87,91,1,,
445,Ramen,Cup Noodles,Tonns,3.69,64,1,,
446,Hersheys,Chocolate,Grams,17.12,50,2,,
447,Trix,Cereal,Kilograms,8.89,50,2,,
448,Ramen,Cup Noodles,Grams,25.03,100,1,,
449,Hersheys,Chocolate,Grams,29.43,90,1,,
450,Trix,Cereal,Kilograms,24.64,61,1,,
451,Ramen,Cup Noodles,Grams,3.51,73,1,,
452,Hersheys,Chocolate,Grams,6.17,89,2,,
453,Trix,Cereal,Grams,12.78,26,1,,
454,Ramen,Cup Noodles,Grams,17.71,28,1,,
455,Hersheys,Chocolate,Tonns,19.44,93,2,,
456,Trix,Cereal,Tonns,13.82,40,2,,
457,Ramen,Cup Noodles,Grams,12.29,49,2,,
458,Hersheys,Chocolate,Grams,0.31,46,2,,
459,Trix,Cereal,Kilograms,1.00,16,1,,
460,Ramen,Cup Noodles,Tonns,7.95,53,2,,
461,Hersheys,Chocolate,Tonns,27.03,61,2,,
462,Trix,Cereal,Kilograms,17.49,74,2,,
463,Ramen,Cup Noodles,Tonns,22.63,65,1,,
464,Hersheys,Chocolate,Kilograms,2.83,40,1,,
465,Trix,Cereal,Kilograms,2.18,77,2,,
466,Ramen,Cup Noodles,Tonns,3.40,50,1,,
467,Hersheys,Chocolate,Grams,6.17,54,2,,
468,Trix,Cereal,Tonns,8.80,69,1,,
469,Ramen,Cup Noodles,Kilograms,18.67,15,1,,
470,Hersheys,Chocolate,Tonns,25.84,51,1,,
471,Trix,Cereal,Kilograms,14.45,37,1,,
472,Ramen,Cup Noodles,Kilograms,3.04,56,1,,
473,Hersheys,Chocolate,Grams,26.14,24,2,,
474,Trix,Cereal,Grams,7.70,93,2,,
475,Ramen,Cup Noodles,Tonns,21.23,61,1,,
476,Hersheys,Chocolate,Grams,4.94,55,2,,
477,Trix,Cereal,Tonns,23.39,40,1,,
478,Ramen,Cup Noodles,Grams,24.45,88,2,,
479,Hersheys,Chocolate,Kilograms,26.43,48,1,,
480,Trix,Cereal,Grams,19.31,83,1,,
481,Ramen,Cup Noodles,Kilograms,25.72,91,1,,
482,Hersheys,Chocolate,Grams,23.85,54,1,,
483,Trix,Cereal,Tonns,21.35,59,1,,
484,Ramen,Cup Noodles,Grams,12.68,43,2,,
485,Hersheys,Chocolate,Grams,15.48,77,1,,
486,Trix,Cereal,Grams,4.84,83,1,,
487,Ramen,Cup Noodles,Kilograms,13.50,32,2,,
488,Hersheys,Chocolate,Grams,3.66,21,1,,
489,Trix,Cereal,Tonns,17.00,80,2,,
490,Ramen,Cup Noodles,Grams,3.20,29,1,,
491,Hersheys,Chocolate,Kilograms,17.04,49,2,,
492,Trix,Cereal,Grams,12.65,84,2,,
493,Ramen,Cup Noodles,Kilograms,25.57,45,1,,
494,Hersheys,Chocolate,Grams,14.91,39,1,,
495,Trix,Cereal,Kilograms,9.68,43,2,,
496,Ramen,Cup Noodles,Tonns,28.01,32,2,,
497,Hersheys,Chocolate,Kilograms,13.48,54,1,,
498,Trix,Cereal,Kilograms,28.53,46,2,,
499,Ramen,Cup Noodles,Grams,14.29,89,1,,
500,Hersheys,Chocolate,Tonns,26.91,66,1,,
501,Trix,Cereal,Tonns,4.20,10,2,,
502,Ramen,Cup Noodles,Kilograms,20.96,29,1,,
503,Hersheys,Chocolate,Tonns,20.75,94,2,,
504,Trix,Cereal,Kilograms,28.78,65,1,,
505,Ramen,Cup Noodles,Tonns,29.45,91,2,,
506,Hersheys,Chocolate,Kilograms,28.34,74,1,,
507,Trix,Cereal,Grams,3.70,74,1,,
508,Ramen,Cup Noodles,Grams,20.29,61,1,,
509,Hersheys,Chocolate,Tonns,7.54,21,2,,
510,Trix,Cereal,Tonns,6.95,27,2,,
511,Ramen,Cup Noodles,Kilograms,16.41,42,1,,
512,Hersheys,Chocolate,Grams,24.06,61,2,,
513,Trix,Cereal,Grams,20.67,94,2,,
514,Ramen,Cup Noodles,Kilograms,7.50,82,1,,
515,Hersheys,Chocolate,Grams,14.65,23,2,,
516,Trix,Cereal,Kilograms,27.54,64,1,,
517,Ramen,Cup Noodles,Tonns,28.88,21,2,,
518,Hersheys,Chocolate,Tonns,15.35,13,2,,
519,Trix,Cereal,Kilograms,10.34,80,1,,
520,Ramen,Cup Noodles,Tonns,11.34,99,1,,
521,Hersheys,Chocolate,Grams,3.85,85,1,,
522,Trix,Cereal,Tonns,2.85,25,1,,
523,Ramen,Cup Noodles,Tonns,23.96,74,2,,
524,Hersheys,Chocolate,Tonns,11.89,67,2,,
